status,title,company,location,date,blurb,tags,link,id,provider,query
new,Sr. ReactJS Developer,WADIC,Lahore,2020-01-02,"Job Description (React JS Developer)

Who We Are:

Headquartered in Denver, Colorado, WADIC is dedicated to providing technology solutions to all sizes of businesses. We're proud to be consistently recognized as leaders by magazines such as CIO review and Forbes. Explore our incredible company on our website!

Job Description

We are looking for a great JavaScript developer who is proficient with React.js. Your primary focus will be on developing user interface components and implementing them following well-known React.js workflows (such as Flux or Redux). You will ensure that these components and the overall application are robust and easy to maintain. You will coordinate with the rest of the team working on different layers of the infrastructure. Therefore, a commitment to collaborative problem solving, sophisticated design, and quality product is important.

Responsibilities

Developing new user-facing features using React.jsBuilding reusable components and front-end libraries for future useTranslating designs and wireframes into high quality codeOptimizing components for maximum performance across a vast array of web-capable devices and browsers

Skills

Strong proficiency in JavaScript, including DOM manipulation and the JavaScript object modelThorough understanding of React.js and its core principlesExperience with popular React.js workflows (such as Flux or Redux)Familiarity with newer specifications of EcmaScriptExperience with data structure libraries (e.g., Immutable.js)Knowledge of isomorphic React is a plusFamiliarity with RESTful APIsKnowledge of modern authorization mechanisms, such as JSON Web TokenFamiliarity with modern front-end build pipelines and toolsExperience with common front-end development tools such as Babel, Webpack, NPM, etc.Ability to understand business requirements and translate them into technical requirementsA knack for benchmarking and optimization

Timing : Night Shift 9:00PM to 6:00AM, Monday to Friday

Job Type: Full-time

Experience:

ReactJS: 5 years (Preferred)FrontEnd: 5 years (Preferred)AngularJS: 5 years (Preferred)",,https://www.glassdoor.com/partner/jobListing.htm?pos=101&ao=389273&s=58&guid=0000016f90e2c4deb26dcd93b8f415ab&src=GD_JOB_AD&t=SR&extid=1&exst=L&ist=&ast=L&vt=w&slr=true&cs=1_fdf664f9&cb=1578683778726&jobListingId=3451471218,3451471218,glassdoor,React-Frontend-Reactjs-React Native-React JS-Senior Frontend
new,Senior Front-End Developer,Half-tech,Lahore,2020-01-08,"A candidate for this position must have had at least 4 years of working experience in a frontend development department. He will have had experience with Javascript/PHP frameworks such as React/Angular?WordPress as well as vast experience building complex and creativeweb user interfaces. A suitable candidate will also have a proven track record of shipping quality products to consumers and experience in pushing a frontend team forward through new technologies, methodologies, and processes.The Senior Frontend Developer will also need effective communication skills in his supervisory role to junior frontend teams as well as in his duty to draft progress reports for senior engineering leadership and key stakeholders. A candidate for this position must be technologically adept. The Senior Frontend Developer must also highly proficient in CSS3, HTML5, Javascript, JQuery. He must also be greatly proficient in web technologies such as AngularJS, Bootstrap, React.JS.

Apply Now at Mustakbil.com

This job was originally posted on Mustakbil.com",,https://www.glassdoor.com/partner/jobListing.htm?pos=103&ao=437149&s=58&guid=0000016f90e2c4deb26dcd93b8f415ab&src=GD_JOB_AD&t=SR&extid=1&exst=L&ist=&ast=L&vt=w&slr=true&cs=1_c2c4e58e&cb=1578683778728&jobListingId=3246028224,3246028224,glassdoor,React-Frontend-Reactjs-React Native-React JS-Senior Frontend
new,Frontend Developer,Eguanacommerce,Lahore,2019-12-12,"Eguana Commerce is looking for Frontend Engineer (must have JavaScript, CSS, less, scss Experience) the incumbent must have:

Must have experience in designing, maintaining and improving web applications.Excellent skills and experience in PHP,HTML, CSS, JavaScript, jquery responsiveness, media queries, Bootstrap & material design.Must have experience in any of the JavaScript frameworks mainly Vue js, Angular or React.Experience in Adobe Photoshop, Illustrator is a big plus.Experience or optimizing web applications for performance, speed and traffic increase.Experience in implementing visual elements that users see and interact with-in a web application.Ability to design letter to record requirements and project needs.Creative thinking to develop new design concepts, graphics, and layouts.Experience coding for and testing content / layout in multiple browsers.Ability to translate business requirements into system design.Ability to partner and work in a fast-paced, collaborative team environmentSolid understanding of cross-browser / platform issues and code solutions.Familiarity developing with CSS pre-processors (LESS, SASS, etc.)Knowledge of version control systems (SVN / GitHub etc.)Working experience in Magento 1 & 2 will be plus.Design Banners, Email Templates, CMS Pages, Block, Transaction Emails.

Job Type: Full-time

Salary: Rs20,000.00 to Rs30,000.00 /month

Experience:

Frontend Development: 1 year (Preferred)

Education:

Bachelor's (Preferred)",,https://www.glassdoor.com/partner/jobListing.htm?pos=104&ao=389273&s=58&guid=0000016f90e2c4deb26dcd93b8f415ab&src=GD_JOB_AD&t=SR&extid=1&exst=L&ist=&ast=L&vt=w&slr=true&cs=1_40744bf2&cb=1578683778728&jobListingId=3422939679,3422939679,glassdoor,React-Frontend-Reactjs-React Native-React JS-Senior Frontend
new,Web Technologies Engineer,Starzplay Arabia,Lahore,2020-01-02,"Who we are

Are you looking for a challenge that is going to provide you experience in agile/scrum environments? Are you eager to work with frontend and backend cutting edge technologies? Do you want to learn about the latest technologies involved in the OTT video streaming ecosystem? Do you want to work in an international environment? STARZ PLAY offers you all of these challenges and more!

STARZ PLAY is a subscription video on demand service headquartered in Dubai and available in 19 countries in the MENA region. Our service streams thousands of blockbuster Hollywood movies, TV shows, documentaries, kids entertainment and dedicated Arabic content to subscribers in the region. This is what makes us the fastest-growing SVOD service in the region.

Due to huge success with expansion into new markets, we are opening an R&D Center in Lahore, Pakistan. Come join us and help to build great new technology in Lahore!

Job purpose

As an engineer, you will be at the cutting edge of how media and technology interact. Your primary role will be to contribute to delivering a superb user experience by executing a product roadmap and maintaining highly engaging and interactive applications for Android, iOS/TVOS, Web, Smart TVs, game consoles, Chromecast and many more devices.

Success in this position will require contributing in the design and implementation of key parts of our frontend apps and backend infrastructure guided by senior members of our engineering teams and collaborating closely with the UX design and product management teams to define innovative UI and functionalities.

Web Technologies Engineer Requirements

You have deep basic knowledge of the architecture of a web application (client-server, REST API basics, caching systems, basic database knowledge...)
Knowledge of memory management
Basic knowledge of performance improvement techniques is a plus
KBasic knowledge of software design patterns is a must, you will have to know when each one fits best on each scenario or problem plus
Understanding of UI/UX, CSS related technologies (you are familiar with HTML5, CSS3, SASS/LESS, JavaScript, JSON/XML)
You have good knowledge of Javascript language essential concepts (prototypes, variable scopes...)
You are familiar with ES6 and future additions to the ECMAScript standard
You are eager to learn about devices that run apps in mainly written in Javascript (Chromecast, Smart TVs, Playstation, Xbox One, Roku,...) and learn to adapt to their limited resources and support to web standards
You have an understanding of particularities and specifics of server-side Javascript execution with Node.js
Experience with client-side or backend side Javascript frameworks is always welcome (jQuery, Angular, Vue, React, Polymer, Express.js, Koa)
Understanding and experience on web app bundling tools like Webpack, Browserify, Clojure
Experience on testing tools like Jasmine, Mocha, Jest, Karma, Protractor is a plus

For all the candidates

You are eager to learn/understand video related technologies (over the top streaming protocols, CDN infrastructure, online video platforms, etc)
You are willing to earn experience in DRM protected technologies/players
You are familiar with TDD approach
You feel comfortable working in an international environment
You are a team player and open to change with an amazing work ethic and fun and friendly attitude.
Understanding and full control over the version control systems like GIT, SVN
You have an analytical mindset, problem-solving skills, and basic algorithm understanding
You are a self-driven person who doesnt need someone else to continuously command what to do, you are able to see what comes next based on existing roadmaps and agile methodologies tools.
Completing each feature flawlessly is a must for you. You put attention to details and you cover the maximum scenarios in each case.
Basic debugging skills are a plus on web browsers and devices (mobile phones, TVs, game consoles...) will be needed.
Unit/e2e testing is part of each new software development, indivisible from the rest.
You are able to see the parts that must be abstracted from the software to make it more flexible and reusable.
Every piece of software you write is properly documented in a way that is accessible and understandable for anyone reaching your software.
You are able to see the parts that must be abstracted from the software to make it more flexible and reusable.
Bachelors degree in Computer Science, Information Systems, Engineering, or other related scientific or technical discipline.

Dont forget to take a look at http://arabia.starzplay.com/ and check our Android and iOS apps in the Google Play and in the Apple Appstore.",Easy Apply,https://www.glassdoor.com/partner/jobListing.htm?pos=102&ao=66506&s=58&guid=0000016f90e2c4deb26dcd93b8f415ab&src=GD_JOB_AD&t=SR&extid=1&exst=L&ist=&ast=L&vt=w&slr=true&ea=1&cs=1_4a4888d1&cb=1578683778727&jobListingId=3430919738,3430919738,glassdoor,React-Frontend-Reactjs-React Native-React JS-Senior Frontend
new,Frontend Developer,Innovative IT Solutions,Lahore,2019-12-19,"We are looking for an individual who has skill in the followings:

Angularjs

React / React Native

Vu.

YII / Laravel

Capable to handle project all alone

Apply Now at Mustakbil.com

This job was originally posted on Mustakbil.com",,https://www.glassdoor.com/partner/jobListing.htm?pos=101&ao=437149&s=58&guid=0000016f90e846e3a471db14d11d6ba5&src=GD_JOB_AD&t=SR&extid=1&exst=OL&ist=&ast=OL&vt=w&slr=true&cs=1_79ed5761&cb=1578684139432&jobListingId=3443449988,3443449988,glassdoor,Frontend
new,Frontend Developer,Intelliscence Inc.,Lahore,2019-12-29,"Opportunity for experienced Frontend Developer with min. 3 years of experience in the similar field.

Apply Now at Mustakbil.com

This job was originally posted on Mustakbil.com",,https://www.glassdoor.com/partner/jobListing.htm?pos=102&ao=437149&s=58&guid=0000016f90e846e3a471db14d11d6ba5&src=GD_JOB_AD&t=SR&extid=1&exst=OL&ist=&ast=OL&vt=w&slr=true&cs=1_45956463&cb=1578684139434&jobListingId=3199916162,3199916162,glassdoor,Frontend
new,Frontend Developer,Tossdown,Lahore,2019-12-29,"We are looking for a Front-End Web Developer who is motivated to combine the art of design with the art of programming. Responsibilities will include translation of the UI/UX design wireframes to actual code that will produce visual elements of the application. You will work with the UI/UX designer and bridge the gap between graphical design and technical implementation, taking an active role on both sides and defining how the application looks as well as how it works

Apply Now at Mustakbil.com

This job was originally posted on Mustakbil.com",,https://www.glassdoor.com/partner/jobListing.htm?pos=104&ao=437149&s=58&guid=0000016f90e846e3a471db14d11d6ba5&src=GD_JOB_AD&t=SR&extid=1&exst=OL&ist=&ast=OL&vt=w&slr=true&cs=1_d5e2af0d&cb=1578684139436&jobListingId=3200028711,3200028711,glassdoor,Frontend
new,Frontend HTML Developer + Ghraphic Designer,ThinkDone Solutions,Lahore,2020-01-10,"TDS is looking for a Frontend HTML Developer + Graphics Designer having 1-2 Years of Experience. You need to be creative in Design along with hands-on experience in Mobile Responsive Web Pages with a strong focus on User Interface and User Experience.

Ideally, we are looking for someone who is a proactive problem solver, has their own ideas and is passionate about delivering quality work.

Main responsibilities will include:

- UI design from project specs and wireframes



UX design / architecture from customer needs
Working with project managers and development team to fine-tune designs after implementation.

Searching for a candidate with: -


A strong online portfolioFigma experienceSketch experiencePhotoshop experienceNice to have Front-End Development skills.

Looking forward to hearing from you!

**Apply before January 25, 2020

Job Type: Full-time

Salary: Rs40,000.00 to Rs60,000.00 /month

Experience:

UI\UX Designing: 1 year (Required)Frontend Developing: 1 year (Required)",,https://www.glassdoor.com/partner/jobListing.htm?pos=105&ao=389273&s=58&guid=0000016f90e846e3a471db14d11d6ba5&src=GD_JOB_AD&t=SR&extid=1&exst=OL&ist=&ast=OL&vt=w&slr=true&cs=1_3633f3de&cb=1578684139437&jobListingId=3460322036,3460322036,glassdoor,Frontend
new,Frontend Engineer,Tossdown,Lahore,2019-12-29,"In this role, youll be responsible for establishing the methodologies, techniques, and tools that are the foundation of our web-based marketing products, and which support their design, development, evolution, and evaluation also to interact with the ASPIs build in python. The Front End Engineer will implement critical code per the solution architecture to realize the product vision, along with the tools used by our business to develop and deploy web-based marketing products. This position collaborates with the engineering department, product managers and client teams to meet the product vision and business goals.

Apply Now at Mustakbil.com

This job was originally posted on Mustakbil.com",,https://www.glassdoor.com/partner/jobListing.htm?pos=106&ao=437149&s=58&guid=0000016f90e846e3a471db14d11d6ba5&src=GD_JOB_AD&t=SR&extid=1&exst=OL&ist=&ast=OL&vt=w&slr=true&cs=1_ac14cf28&cb=1578684139438&jobListingId=3200028725,3200028725,glassdoor,Frontend
new,Frontend Developer Required,OpenSol Global,Lahore,2020-01-10,"Description

OpenSol Global requires a talented "" Front End Developer"".

You must have very strong programming skills, specially in open source technologies (Html ,CSS3 and Frameworks) , JS libraries.Must be graduate or master in computer sciences from reputable university.

Must have experience in web programming

Apply Now at Mustakbil.com

This job was originally posted on Mustakbil.com",,https://www.glassdoor.com/partner/jobListing.htm?pos=107&ao=437149&s=58&guid=0000016f90e846e3a471db14d11d6ba5&src=GD_JOB_AD&t=SR&extid=1&exst=OL&ist=&ast=OL&vt=w&slr=true&cs=1_7b3ba008&cb=1578684139439&jobListingId=3391145978,3391145978,glassdoor,Frontend
new,Senior Frontend Developer,HT,Lahore,2019-12-28,"Location : Lahore/Islamabad

Requirements:

A minimum of 2 year experience in HTML, HTML5, Javascript, JQuery

Ability to work in an agile development environment

Knowledge of best practices for the full software development life cycle, including coding standards, code reviews, source control management and testing.

Strong problem solving and debugging skills.

Good verbal and written communication skills for client interaction.

Excellent organizational skills, including the ability to work under pressure in a fast paced environment across multiple small and large scale projects.

Essential Skills:

HTML5

XHTML

CSS/CSS3

JavaScript/Coffee Script

JQuery

AngularJS

Git/SVN

Photoshop (Not as designer but for basic stuff)

Responsive designs/implementations

Experience of at least one version control systems (SVN/Git)

Nice to have:

Express/NodeJS

Sencha Touch/ExtJS

MongoDB

CSS framework, Like: Less or SASS

Bootstrap or similar

Linux environment

Amazon Cloud Front/S3 SDK

Modernizr

Underscore

RESTful web services, AJAX

Tasks and Responsibilities:

Develop, code, debug, and unit test systems per requirements and technical design.

Provide technical solutions as and when required support, re-factor and enhance an existing production system.

Review, analyze requirements and develop estimates / task lists based on those requirements.",,https://www.glassdoor.com/partner/jobListing.htm?pos=108&ao=437149&s=58&guid=0000016f90e846e3a471db14d11d6ba5&src=GD_JOB_AD&t=SR&extid=1&exst=OL&ist=&ast=OL&vt=w&slr=true&cs=1_585d6f7a&cb=1578684139441&jobListingId=3265731487,3265731487,glassdoor,Frontend
new,FrontEnd #developer,focal hr,Lahore,2019-12-24,#FrontEnd #developer - Min 1-yrs experience- #AngularJs Expert- Good Grasp on #HTML/ #CSS- Awesome problem solving skillsJob Type: Full-timeExperience:AngularJs Expert - Good Grasp on #HTML/ #CSS: 1 year (Preferred),,https://www.glassdoor.com/partner/jobListing.htm?pos=109&ao=389273&s=58&guid=0000016f90e846e3a471db14d11d6ba5&src=GD_JOB_AD&t=SR&extid=1&exst=OL&ist=&ast=OL&vt=w&slr=true&cs=1_a4d034c2&cb=1578684139442&jobListingId=3446857151,3446857151,glassdoor,Frontend
new,Web Developer (Frontend / Backend),Innovative IT Solutions,Lahore,2019-12-28,"We are looking for Web Engineer (Must have Javascript Experience) with a PHP Background for full-time work.

At least 2 years of experience in designing, maintaining and improving web applications.

Excellent skills and experience in HTML5, CSS3, Bootstrap & material design.

Must have experience in javascript frameworks mainly Vuejs, Angular or React.

Apply Now at Mustakbil.com

This job was originally posted on Mustakbil.com",,https://www.glassdoor.com/partner/jobListing.htm?pos=110&ao=437149&s=58&guid=0000016f90e846e3a471db14d11d6ba5&src=GD_JOB_AD&t=SR&extid=1&exst=OL&ist=&ast=OL&vt=w&slr=true&cs=1_333d8bc4&cb=1578684139443&jobListingId=3427855632,3427855632,glassdoor,Frontend
new,Frontend Web Developer,MADDSOLUTIONS,Lahore,2019-12-22,"We are looking for a Frontend Developer with experience of WordPress Developers, hands on experience of core wordpress knowledge and themes and plugins editing with best practices and standards.

Apply Now at Mustakbil.com

This job was originally posted on Mustakbil.com",,https://www.glassdoor.com/partner/jobListing.htm?pos=112&ao=437149&s=58&guid=0000016f90e846e3a471db14d11d6ba5&src=GD_JOB_AD&t=SR&extid=1&exst=OL&ist=&ast=OL&vt=w&slr=true&cs=1_b1bb0f31&cb=1578684139444&jobListingId=3367216478,3367216478,glassdoor,Frontend
new,"Frontend Developer (React, React Native)",29 Concepts,Lahore,2020-01-02,"We are looking for React and React Native developers with at least 1 year of hands-on experience. Youll be joining our current team in Pakistan and the UK.

Swanky office in DHA Lahore

Competitive salary package

Professional and friendly working environment

Training material and Subscriptions for online learning platforms

Unlimited chai and coffee, and free snacks!

Please share your Github profile and projects made using React when applying.

Apply Now at Mustakbil.com

This job was originally posted on Mustakbil.com",,https://www.glassdoor.com/partner/jobListing.htm?pos=113&ao=437149&s=58&guid=0000016f90e846e3a471db14d11d6ba5&src=GD_JOB_AD&t=SR&extid=1&exst=OL&ist=&ast=OL&vt=w&slr=true&cs=1_21294e2a&cb=1578684139445&jobListingId=3241394762,3241394762,glassdoor,Frontend
new,PHP Frontend & Backend Developer,ArainX,Lahore,2020-01-07,"We are looking for a PHP developer to join our team of developers working on the development and maintenance of web-based applications.

Although your main focus will be on the development of back-end PHP modules and the definition and maintenance of our data stores, a good understanding of front-end technologies is necessary as well.

Responsibilities

Building new features - efficient, testable, and reusable PHP modulesImprove and enhance developed features - including performance and usability improvements.Skills and experienceHigh proficiency with PHP especially object-oriented PHP programming.Proven experience and solid familiarity with MySQL, the SQL language and relational database design.Good understanding of front-end technologies, such as HTML, CSS, JavaScript, AJAX

Skills Required

PHPPHP Frameworks (Codeigniter)HTMLCSSJavascriptJqueryAjaxSQLMySQL

Job Type: Full-time

Salary: Rs10,000.00 to Rs50,000.00 /month

Experience:

web development: 1 year (Preferred)

Location:

Lahore (Required)",,https://www.glassdoor.com/partner/jobListing.htm?pos=114&ao=389273&s=58&guid=0000016f90e846e3a471db14d11d6ba5&src=GD_JOB_AD&t=SR&extid=1&exst=OL&ist=&ast=OL&vt=w&slr=true&cs=1_f44d2755&cb=1578684139446&jobListingId=3455523195,3455523195,glassdoor,Frontend
new,Angular Frontend Developer,ServeTone,Lahore,2019-12-25,"We are looking for a Front-End Web Developer who can create website in Angular, Typescript, HTML, SCSS, CSS, Bootstrap, MDB, jQuery etc. This is full time job and candidate should be able to work remotely.

Responsible to create/modify Angular theme

Responsile to develop responsive website in Angular, Bootstrap, HTML, SCSS

Must have an experience in Angular4+

Should be able integrate 3rd party plugins

Should be able to create widgets

Must have knowledge of Git

Apply Now at Mustakbil.com

This job was originally posted on Mustakbil.com",,https://www.glassdoor.com/partner/jobListing.htm?pos=115&ao=437149&s=58&guid=0000016f90e846e3a471db14d11d6ba5&src=GD_JOB_AD&t=SR&extid=1&exst=OL&ist=&ast=OL&vt=w&slr=true&cs=1_346306bd&cb=1578684139453&jobListingId=3399939425,3399939425,glassdoor,Frontend
new,Web Designer,Skooter Technologies,Lahore,2019-12-24,"We have an exciting new opportunity for a talented Web Designer to join our fast-growing web Solution company in Hyderabad pakistan.

You must have experience of being able to take pre-designed UI/UX and develop the front end code using HTML/CSS or Javascript and create interactive prototypes to implement web site frontends according to visual specs. Youll also be someone who can use design tools such as Illustrator and Photoshop, to create assets for the web site. As a part of this team you will be integral to the design and development process, you will have the ability to juggle multiple projects and design ideas at the same time.

Required Skills:

3+ years of experience in web design and development, using industry standard Web design tools including Photoshop, Illustrator and Dreamweaver.

Proficiency in front end coding HTML/CSS and Javascript/jQuery

Ability to collaborate and play well with others

Awareness of trends in design and new technologies

Proficiency in design tools such as Photoshop, Illustrator+, Flash, etc.

Ability to create high-res visualizations and prototypes, stunning visual experiences, and precise design documentation",,https://www.glassdoor.com/partner/jobListing.htm?pos=120&ao=437149&s=58&guid=0000016f90e846e3a471db14d11d6ba5&src=GD_JOB_AD&t=SR&extid=1&exst=OL&ist=&ast=OL&vt=w&slr=true&cs=1_e91cd658&cb=1578684139456&jobListingId=3446948284,3446948284,glassdoor,Frontend
new,Junior Software Engineer,Amigo Software (Pvt) Ltd.,Lahore,2020-01-05,"Skill Set:

- Strong understanding of OOP, Asp.net, HTML, CSS, MVC.



Strong knowledge of .NET Framework.
Hands-on experience in designing Enterprise level database design and strong working


knowledge of DB Objects (Views, stored procedures, Triggers etc.)



Experience in consuming REST API and web services is a plus.

Programming Languages:

C#, Asp.net (.NET Framework 3.5+)

Source Controls:

Visual SourceSafe, Team Foundation

Databases:

SQL Server 2012, MYSQL

Job Type: Full-time

Experience:

Frontend development: 1 year (Preferred)",,https://www.glassdoor.com/partner/jobListing.htm?pos=121&ao=389273&s=58&guid=0000016f90e846e3a471db14d11d6ba5&src=GD_JOB_AD&t=SR&extid=1&exst=OL&ist=&ast=OL&vt=w&slr=true&cs=1_62e6388d&cb=1578684139457&jobListingId=3454041548,3454041548,glassdoor,Frontend
new,Senior PHP Laravel Developer,Ashlar,Lahore,2020-01-10,"We are looking for a Senior PHP Laravel Developer responsible for managing back-end services and the interchange of data between the server and the users. Your primary focus will be the development of all REST APIs, definition and maintenance of the central database, and ensuring high performance and responsiveness to requests from the front-end. You will also be responsible for integrating the front-end elements . Therefore, a basic understanding of front-end technologies is necessary as well including VueJS , Angular .

Interested candidate can send their resume at (hr at the rate ashlarglobal.com)

Responsibilities

Integration of user-facing elements developed by front-end developersBuild efficient, testable, and reusable PHP modulesIntegration of data storage solutions may include databases, key-value stores, blob stores, etc.

Skills And Qualifications

Strong knowledge of PHP web frameworksUnderstanding the fully synchronous behavior of PHPUnderstanding of MVC design patternsBasic understanding of front-end technologies, such as JavaScript, Angular , VueJSKnowledge of object oriented PHP programmingStrong knowledge of the common PHP or web server exploits and their solutionsUnderstanding fundamental design principles behind a scalable applicationUser authentication and authorization between multiple systems, servers, and environmentsIntegration of multiple data sources and databases into one systemFamiliarity with limitations of PHP as a platform and its workaroundsREST APIsFamiliarity with SQL/NoSQL databases and their declarative query languagesProficient understanding of code versioning tools, such as Git

Nice to Have:

Knowedge of frontend (Angular ,Vuejs ,Angular)

Skills

PHPWordpressCakePHPLaravelVuejsReactJSAngularJS

Job Type: Full-time

Salary: Rs80,000.00 to Rs120,000.00 /month

Experience:

PHP/Laravel: 2 years (Required)",,https://www.glassdoor.com/partner/jobListing.htm?pos=122&ao=389273&s=58&guid=0000016f90e846e3a471db14d11d6ba5&src=GD_JOB_AD&t=SR&extid=1&exst=OL&ist=&ast=OL&vt=w&slr=true&cs=1_006a75d8&cb=1578684139458&jobListingId=3460322230,3460322230,glassdoor,Frontend
new,Full Stack Software Engineer,Droozal,Lahore,2019-12-29,"We are looking for a skilled full stack engineer with 3+ years of experience who is comfortable with both front and back end programming.

In this job, you might:

Work on Django framework (Python) and SQL to build backend features.

Work with modern JS web frameworks to build the frontend user experience.

Work on build tooling and automated testing frameworks to assist your fellow developers.

Work on other frameworks and technologies such as .Net and Java.

Apply Now at Mustakbil.com

This job was originally posted on Mustakbil.com",,https://www.glassdoor.com/partner/jobListing.htm?pos=124&ao=437149&s=58&guid=0000016f90e846e3a471db14d11d6ba5&src=GD_JOB_AD&t=SR&extid=1&exst=OL&ist=&ast=OL&vt=w&slr=true&cs=1_62d495d5&cb=1578684139459&jobListingId=3199997644,3199997644,glassdoor,Frontend
new,Solution Architect,Systems Limited,Lahore,2020-01-03,"Systems Ltd is looking for Solution Architect (Frontend development) at Lahore office: - BS Computer science or Computer engineering. - 8+ years of hands on experience of development, design and analysis. - Must be an expert on latest JS tools Node.js, Angular JS, React.JS, JQuery, Require, Bootstrap, NoSQL (PostgreSQL, MongoDB), SQLite. - Solid technical experience with ASP.NET MVC, C#/VB.NET.



Database Experience with SQL Server 2008, 2012, 2014. - Proficient in software development design patterns, object oriented programming and methodologies. - Excellent communication and presentation skills. Share or refer resumes with subject Frontend Architect",,https://www.glassdoor.com/partner/jobListing.htm?pos=127&ao=437149&s=58&guid=0000016f90e846e3a471db14d11d6ba5&src=GD_JOB_AD&t=SR&extid=1&exst=OL&ist=&ast=OL&vt=w&slr=true&cs=1_f0088a53&cb=1578684139462&jobListingId=3206687520,3206687520,glassdoor,Frontend
new,front-end + Word-Press developer,coding pixel,Lahore,2019-12-19,"Coding Pixel is looking for a FrontEnd WordPress Developer to join our passionate, agile and creative team in Model Town, Lahore.

Job Requirements:

Minimum 3 years experience of FrontEnd WordPress programming, MySQL, XHTML,Ajax,Jquery,HTML5, CSS and JavaScript, Bootstrap.

Extensive knowledge and experience of building WordPress CMS websites from scratch & de-facto standard plugins

have a good understanding of SEO best practices in web development and design.Theme/Template integration

WordPress Plug-in development and customization

WooCommerce & E-commerce platforms implementation experienceHave excellent communication skills both written and spoken.

Job Type: Full-time

Salary: Rs20,000.00 to Rs70,000.00 /month

Experience:

css: 2 years (Required)",,https://www.glassdoor.com/partner/jobListing.htm?pos=128&ao=389273&s=58&guid=0000016f90e846e3a471db14d11d6ba5&src=GD_JOB_AD&t=SR&extid=1&exst=OL&ist=&ast=OL&vt=w&slr=true&cs=1_8f82860a&cb=1578684139463&jobListingId=3443327606,3443327606,glassdoor,Frontend
new,PHP / Magento Developer,Xcentric Services,Lahore,2020-01-09,"As a PHP Developer you will have an amazing opportunity to shape the way we develop our clients marketing presence on the web, marketing campaigns and email campaigns. We are looking for collaborative individuals with a strong web development background.

Youd be in close collaboration with various internal stakeholders. Youd be responsible for implementing the user interface and engineer the experience of the site/software being put out by the business.

In this role, youd be expected to constantly evaluate emerging technologies and avail strategic, innovative, and cost-effective solutions that increase the efficiency, reliability, and integration of Magento e-commerce store sites.

Responsibilities

Responsive, standards-compliant JavaScript, HTML5 and CSS3 front-end developmentWordpress block, plugin, and theme development from scratchDevelop tools to empower internal stakeholdersDevelop responsive and robust email templatesTake ownership of, and lead small to mid-sized projectsSEO implementationSet up and run A/B testsTechnical documentationProject effort estimationPerformance optimization

Qualifications

At least 2-3 years of frontend/web development experienceExpert JavaScript, HTML & CSS skills with full understanding of web standards and responsive design techniquesHands-on PHP development experienceFamiliarity with Sass/LessUnderstanding of jQuery and other JavaScript libraries in generalAbility to estimate time and level of effort for frontend development tasksExperience with version control systems (Github, Gitlab, Bitbucket etc.)

As an equal opportunity employer, we are committed to diversity in the workforce. In accordance with applicable law, we prohibit discrimination against any applicant or employee based on any legally recognized basis, including, but not limited to; race, color, religion, sex (including pregnancy, lactation, childbirth or related medical conditions), sexual orientation, gender identity, age (40 and over), national origin or ancestry, physical or mental disability, genetic information (including testing and characteristics), veteran status, uniformed service member status or any other status protected by federal, state or local law.

Job Type: Full-time

Experience:

PHP: 1 year (Preferred)",,https://www.glassdoor.com/partner/jobListing.htm?pos=129&ao=389273&s=58&guid=0000016f90e846e3a471db14d11d6ba5&src=GD_JOB_AD&t=SR&extid=1&exst=OL&ist=&ast=OL&vt=w&slr=true&cs=1_a41d3b96&cb=1578684139463&jobListingId=3457362188,3457362188,glassdoor,Frontend
new,Senior WordPress Developer (Custom Post type),Rareiio,Lahore,2020-01-07,"Rareiio specialises in design, development and IT consultancy across the globe. We are growing rapidly and are looking to bring on ambitious, talented and energetic software engineer to help us expand our client base. We are looking for a Wordpress Developer with strong frontend skills who is motivated to combine the art of design with the art of programming.

ABOUT YOU

You love working on complex projectsYou love learningYou believe in hard work will result in great thingsYou are an absolute team player

SKILLS & QUALIFICATION

Must be able to convert XD to WordPress (frontend expert) pixel perfectMust have Wordpress ExpertiseMust have experience of phpJS experience will be looked at favourablyAdobe photoshop will be looked at favourably

BENEFITS

Opportunity to work with high energy, result oriented globally experienced teamWe like to hire hard working people who want to work in a company for the long termOffice Location: Canal View Society, Pakistan.

Job Type: Full-time

Salary: Rs50,000.00 to Rs60,000.00 /month

Experience:

WordPress: 3 years (Preferred)Php: 1 year (Preferred)Pixel Perfect: 2 years (Preferred)",,https://www.glassdoor.com/partner/jobListing.htm?pos=130&ao=389273&s=58&guid=0000016f90e846e3a471db14d11d6ba5&src=GD_JOB_AD&t=SR&extid=1&exst=OL&ist=&ast=OL&vt=w&slr=true&cs=1_141885eb&cb=1578684139464&jobListingId=3455523185,3455523185,glassdoor,Frontend
new,Web Developer,MADDSOLUTIONS,Lahore,2019-12-29,"We are looking for a candidate who excels web development with experience. The ideal person should be able to work on Creative impressive website and must be able to complete within deadlines.

Job Description:

experience in using modern technologies such as JavaScript , CSS, HTML5, DATABASE (SQL SERVER, MySQL), web programming (PHP, JQuery, Ajax)



Having experience in developing highly secured validation mechanism across backend and frontend technologies
Having command on developing responsive front-end themes.- wireframe/layout a website or web application.
Write PHP, CSS from scratch.
Run functionality testings and debug code


Apply Now at Mustakbil.com

This job was originally posted on Mustakbil.com",,https://www.glassdoor.com/partner/jobListing.htm?pos=201&ao=437149&s=58&guid=0000016f90e846a38972d5ac3ea9759d&src=GD_JOB_AD&t=SR&extid=1&exst=OL&ist=&ast=OL&vt=w&slr=true&cs=1_351a380e&cb=1578684139500&jobListingId=3199974546,3199974546,glassdoor,Frontend
new,Full Stack JavaScript Developer,CreativeMorph,Lahore,2019-12-26,"CreativeMorph is hiring a Full Stack JavaScript Developer (Node, React, Angular

and/or React-Native)!!

Responsibilities:

Responsible for developing customer facing Web and Mobile Applications from the ground up
Full Stack Development, using any React.JS, Angular.JS, Node.JS, React Native
Frontend development using HTML5, CSS3, JavaScript Framework - Angular.JS,React.JS, Express.JS, Node.JS, Ember.JS, Mean.JS
MT and BE development - APIs - REST, REST APIs, SOAP APIs, Web API, Web Services, MongoDB
Responsible for maintaining and enhancing existing code and UI while also creating new projects using the latest coding techniques with React, ES6, ES7 and NodeJS within an Agile environment
Designing, developing, testing, documenting and deploying highly available, fast and enjoyable user experiences
Development of web user interfaces using jQuery and frameworks such as angular and bootstrap
Development of highly interactive data interfaces to consume and display data from enterprise systems online
Lead release management efforts of front-end code, including migration of data and, build across environments

Requirements:

Bachelors in Computer Science or Software Engineering
1+ years of experience in Full Stack Javascript Development preferred
Works in an agile and scrum environment
Ability to manage day-to-day responsibilities with minimal supervision

Plus Points:

Front End Development using JavaScript Framework such as Angular.js, Angular 2, ReactJS, Angular.js 2, TypeScript, Backbone.js, Node.js, Knockout.js, React.js, RxJS, DOM Fundamentals, ES6, ES7, Embre.js, Aurelia.js,Meteor.js, Vue.js, Polymer, Socket
Version Controls such as GIT, GIThub, TFS, VSS
Strong OOP  Object-Oriented Programming, OOA/D  Object Oriented
Analysis and Design",,https://www.glassdoor.com/partner/jobListing.htm?pos=203&ao=437149&s=58&guid=0000016f90e846a38972d5ac3ea9759d&src=GD_JOB_AD&t=SR&extid=1&exst=OL&ist=&ast=OL&vt=w&slr=true&cs=1_40a8750f&cb=1578684139501&jobListingId=3448635724,3448635724,glassdoor,Frontend
new,Senior Front end Developer - Team Lead,Contour Software,Lahore,2020-01-03,"The Division:

Collain Healthcare is the innovation leader in Long Term and Post-Acute Care with multiple patents for the only EHR developed for Skilled Nursing Facility and Senior Housing providers in the value-based care era. Collain is also the only provider in the sector with Interoperability solutions and services that have connected over a million unique patient lives including for Health Plans, ACOs, Hospitals and Integrated Delivery Networks.

The Position:

We are looking for a Senior Frontend Developer Team Lead, with super capabilities of JavaScript, SPA, and JavaScript libraries and frameworks especially Angular. The hired candidate will also lead the front-end Angular team at Contour. The chosen individual will work out of the Contour Software Karachi/Lahore/Islamabad resource center office, as an extension of the division-based R&D department.

Desired Skills and Responsibilities:

Bachelor's Degree in Information Systems, Computer Engineering or equivalent technical Degree; or equivalent combination of education and experience.

Strong 7 or more years of software development experience including web development.

Strong previous experience of developing Single Page applications.

Strong previous experience with JavaScript, TypeScript and any JavaScript based libraries and frameworks preferably Angular.

Strong understanding of ECMAScript specifications.

Strong previous experience with Web Front-End development using HTML/HTML5, CSS/CSS 3, SASS, Responsive UI using Bootstrap etc.

Good understanding of tools like NPM, Gulp or Grunt build automation.

Strong understanding of Object-Oriented programming and design patterns, preferably UI design patterns.

A can-do, self-driven attitude, with the ability to lead the local team, and should be able to contribute in the product design and architecture.

Ability to perform comfortably in a fast-paced, deadline-oriented work environment, in collaboration with the local team, colleagues and supervisors in a multi-cultural environment.

Excellent communication and collaboration skills.

Prior experience of leading /managing a team of developers.

Exciting Benefits we offer:

Market-leading Salary

Medical Coverage Self & Dependents

Parents Medical Coverage

Provident Fund

Employee Performance-based bonuses

Home Internet Subsidy

Conveyance Allowance

Profit Sharing Plan [Tenured Employees Only]

Life Benefit

Child Care Facility [Karachi & Lahore only]

Company Provided Lunch/Dinner

Professional Development Budget

Recreational area for in-house games [Karachi & Lahore only]

Sporadic On-shore training opportunities

Friendly work environment

Leave Encashment",,https://www.glassdoor.com/partner/jobListing.htm?pos=205&ao=437149&s=58&guid=0000016f90e846a38972d5ac3ea9759d&src=GD_JOB_AD&t=SR&extid=1&exst=OL&ist=&ast=OL&vt=w&slr=true&cs=1_ada6b96f&cb=1578684139503&jobListingId=3432360604,3432360604,glassdoor,Frontend
new,Shopify Developer (Psd to liquid),Rareiio,Lahore,2020-01-07,"Rareiio specialises in design, development and IT consultancy across the globe. We are growing rapidly and are looking to bring on ambitious, talented and energetic software engineer to help us expand our client base. We are looking for a Shopify Developer with strong frontend skills who is motivated to combine the art of design with the art of programming.

ABOUT YOU

Advanced knowledge of Shopify, WordPress, JavaScript, HTML, PHP, CSS, and MySQL.Knowledge in another e-commerce platform like Magento, woo commerce, BigCommerce will be preferred.Experience with complete eCommerce lifecycle development.Understanding of modern UI/UX trends.Strong attention to detail.Ability to project-manage and work to strict deadlines.Ability to work in a team environment.Strong English communicationSKILLS & QUALIFICATIONMinimum 3 Years of Market Experience in Shopify and Shopify Plus platformsStrong knowledge of liquid programming languageWeb development by integrating existing Plugins.Established Shopify development experience, including building custom themes and features from scratch as well as heavy modification to existing elementsGenerate custom-tailored Shopify theme (PSD to Shopify)Act as Shopify expert, specializing in all facets of the e-commerce platform.Analyze, design, code, debug, test, document & deploy applications.Participate in project & deployment planning.Must be a self-starter & be able to work with minimum supervisionExperience in modules/extensions development/customization.Experience in Theme integration/customization.Experience in API creation/integrationDemonstrable knowledge of XML, XHTML, CSS, Modules i.e. API integration, Payment Gateways, XML with a focus on standards.

BENEFITS & PERKS

Opportunity to work with high energy, result oriented globally experienced teamWe like to hire hard-working people who want to work in a company for the long termOffice Location: Canal View Society, Pakistan.

Job Type: Full-time

Salary: Rs50,000.00 to Rs65,000.00 /hour

Experience:

Shopify: 3 years (Preferred)",,https://www.glassdoor.com/partner/jobListing.htm?pos=207&ao=389273&s=58&guid=0000016f90e846a38972d5ac3ea9759d&src=GD_JOB_AD&t=SR&extid=1&exst=OL&ist=&ast=OL&vt=w&slr=true&cs=1_b1ac743f&cb=1578684139504&jobListingId=3455523205,3455523205,glassdoor,Frontend
new,Freelance Front End Developer,Waterfall Solutions,Lahore,2020-01-08,"We are looking for a front end Developer having and Experience of the core concepts of frontend Technologes .

This position needs a resource with interest and capabalities of implementating state of the art,customizable Moduler structure.

The resource should have the knowledge of Javascript and JQuery

The Canidate will be reporting directly to the CEO.

Must have a proper Internet and Electricity backups.

The applicant must have the core knowledge of UI/UX.

Flexable Timings.

Apply Now at Mustakbil.com

This job was originally posted on Mustakbil.com",,https://www.glassdoor.com/partner/jobListing.htm?pos=209&ao=437149&s=58&guid=0000016f90e846a38972d5ac3ea9759d&src=GD_JOB_AD&t=SR&extid=1&exst=OL&ist=&ast=OL&vt=w&slr=true&cs=1_7bb2ae03&cb=1578684139506&jobListingId=3353734573,3353734573,glassdoor,Frontend
new,Sr Magento Developer,Eguana Commerce,Lahore,2020-01-05,"This position requires a developer with the following skills and experience in building Web / E-commerce applications using the back-end and front-end technologies.

Job Requirements & Skills:

Excellent understanding of Magento's code structure and extension architecture

Excellent knowledge and hands-on experience of PHP Development

Strong knowledge of Javascript, JS Libraries, HTML, CSS, and related tools/packages

Strong knowledge of relational databases, i.e. MySQL

Can work in both frontend and backend of Magento 1 & 2

Manage and integrate all types of Payment Gateways and Shipping Methods

Modify and/or maintain the existing piece of functionality or extension

Knowledge of PHP Laravel framework will be considered as a plus point

Module Development

Server Management/Configurations

Experience developing dynamic and data-driven sites would be preferred Write clean and readable code

We prefer someone with experience of 4 to 5 years of building & running eCommerce sites

Benefits:

Leaves

Medical Allowance

Provident Fund etc.

Apply Now at Mustakbil.com

This job was originally posted on Mustakbil.com",,https://www.glassdoor.com/partner/jobListing.htm?pos=210&ao=437149&s=58&guid=0000016f90e846a38972d5ac3ea9759d&src=GD_JOB_AD&t=SR&extid=1&exst=OL&ist=&ast=OL&vt=w&slr=true&cs=1_12a4937b&cb=1578684139507&jobListingId=3384204087,3384204087,glassdoor,Frontend
new,React Native Developer,Northstar IT Solutions Pvt. Ltd.,Lahore,2020-01-08,"General Description

We are building next generation products using react and react native, and looking for a developer to bring their expertise and enthusiasm to our projects.

He/she should working closely with designers and backend engineers; you will spearhead the frontend UI efforts for our mobile and web applications.

Qualification:

At least graduate in Computer Sciences or Information Technology

English Language Proficiency

The candidate must be able to understand and spoke English; client communication is possible with foreigner client.

Job Placement

Siddiq Trade Center, Lahore

Shift:

Morning

Gender:

No Preferences

Apply Now at Mustakbil.com

This job was originally posted on Mustakbil.com",,https://www.glassdoor.com/partner/jobListing.htm?pos=211&ao=437149&s=58&guid=0000016f90e846a38972d5ac3ea9759d&src=GD_JOB_AD&t=SR&extid=1&exst=OL&ist=&ast=OL&vt=w&slr=true&cs=1_0bbfd27a&cb=1578684139508&jobListingId=3214236420,3214236420,glassdoor,Frontend
new,Full Stack Developer,VX Labs Pak,Lahore,2019-12-12,"VX Labs looking for full-stack developers. The Candidates must have strong knowledge of working on frontend web application and backend web applications and work with team members to troubleshoot and improve current web applications and processes. The Full-Stack Developer will use his or her understanding of programming languages and tools to analyze current codes and industry developments, formulate more efficient processes, solve problems, and create a more seamless experience for users.

Requirements:

BS/MS degree in Computer Science, Engineering or a related subjectStrong organizational and project management skillsProficiency with fundamental front end languagesProficiency in server-side languages such as Python, Java, PHP, particularly Angular, Vue, Laravel, React, etc.and Node.jsExcellent verbal communication skillsGood problem-solving skillsHave working experience as Full Stack DeveloperProficiency with database technologies such as MySQL and MongoDBYouve got a good sense of UX when creating custom dashboards and panelsGood hands-on Linux experience & prefer working in Linux based OS

Job Type: Full-time

Apply Now

Please review all application instructions before applying to VX Labs.

Job Type: Full-time",,https://www.glassdoor.com/partner/jobListing.htm?pos=212&ao=389273&s=58&guid=0000016f90e846a38972d5ac3ea9759d&src=GD_JOB_AD&t=SR&extid=1&exst=OL&ist=&ast=OL&vt=w&slr=true&cs=1_c92694e3&cb=1578684139508&jobListingId=3437660388,3437660388,glassdoor,Frontend
new,JavaScript Developer,Amigo Software (Pvt) Ltd.,Lahore,2019-12-22,"Looking for talented JavaScript Developer with Minimum 1 year of experience specifically in AngularJS Framework.

Requirements:

Minimum 1 year of experience in creating the frontend of highly interactive websites using (AngularJS, Bootstrap, HTML/HTML5, CSS/CSS3, JavaScript/JQuery)Good understanding of Single Page Applications, Asynchronous Request Handling, Partial Page Updates, and AJAXCreating self-contained, reusable modules and componentsStrong problem solving and debugging skillProficient understanding of JavaScript, JQuery and AngularJSProficient understanding of cross-browser compatibility issues and ways to work around such issuesPunctual, Communicative, Responsible, Self-learner, Positive AttitudeFamiliar with NoSQL databases (MongoDB)Familiar with Version control systems (VSS / SVN / GIT)

Job Type: Full-time

Experience:

Angular Js: 1 year (Preferred)",,https://www.glassdoor.com/partner/jobListing.htm?pos=213&ao=389273&s=58&guid=0000016f90e846a38972d5ac3ea9759d&src=GD_JOB_AD&t=SR&extid=1&exst=OL&ist=&ast=OL&vt=w&slr=true&cs=1_39b0e49b&cb=1578684139509&jobListingId=3445703432,3445703432,glassdoor,Frontend
new,Full Stack PHP Developer,Zech Technologies,Lahore,2019-12-29,"Hello,

Hiring Full Stack PHP Developer with great grip of Frontend technologies(HTML, CSS, JS). This position also require commands and knowledge of either Angular or Typescript or atleast custom JavaScript. We are a startup working solely on Blockchain and ethereum based development.

Deleoper must posses follwoing abilities:

Must atleast have 2-3 years of experience working with PHP+JS based web applications.
Preferred PHP Frameworks: Laraval, Codeigniter
Must able to understand of pre written code or building from scratch.
Must have Bachelors Degree however we value skills more than degree so if you think your abilities are competitive, please dont hesitate to apply.
Must have a great spirit of working good player in Team.
Great learner, since Blockchain is new field and dont expect candidate to know much about it but we expect fast learing of blockchain.


Regards

Apply Now at Mustakbil.com

This job was originally posted on Mustakbil.com",,https://www.glassdoor.com/partner/jobListing.htm?pos=215&ao=437149&s=58&guid=0000016f90e846a38972d5ac3ea9759d&src=GD_JOB_AD&t=SR&extid=1&exst=OL&ist=&ast=OL&vt=w&slr=true&cs=1_58e69cb9&cb=1578684139510&jobListingId=3200033514,3200033514,glassdoor,Frontend
new,C# .Net Developer,Zech Technologies,Lahore,2019-12-29,"Hello,

We are looking to hire C# .Net Developer having atleast 2 years of experience workign with .Net web applications. Developer must possess the following perks:



Must be able to work on .Net Core framework.
Must know MYsql and MSsql databases.
Must be able to work with Angular based Frontend.
Must be a quick learner and should be a passionable to learn new technologies.


Please apply if you can join un in next 7 days.

Regards

Apply Now at Mustakbil.com

This job was originally posted on Mustakbil.com",,https://www.glassdoor.com/partner/jobListing.htm?pos=216&ao=437149&s=58&guid=0000016f90e846a38972d5ac3ea9759d&src=GD_JOB_AD&t=SR&extid=1&exst=OL&ist=&ast=OL&vt=w&slr=true&cs=1_27cf681e&cb=1578684139511&jobListingId=3199914917,3199914917,glassdoor,Frontend
new,MAGENTO DEVELOPER,Rareiio,Lahore,2019-12-17,"Rareiio specialises in design, development and IT consultancy across the globe. We are growing rapidly and are looking to bring on ambitious, talented and energetic software engineer to help us expand our client base. We are looking for a Magento Developer with strong frontend skills who is motivated to combine the art of design with the art of programming.

ABOUT YOU

Advanced knowledge of Magento, JavaScript, HTML, PHP, CSS, and MySQL.Experience with complete eCommerce lifecycle development.Understanding of modern UI/UX trends.Strong attention to detail.Ability to project-manage and work to strict deadlines.Ability to work in a team environment.Strong English communication

SKILLS & QUALIFICATION

Minimum 3 Years of Market Experience in Magento 1x and 2x.Develop and manage e-commerce mobile & web applications.Analyze, design, code, debug, test, document & deploy applications.Participate in project & deployment planning.Must be a self-starter & be able to work with minimum supervisionExperience in modules/extensions development/customization.Experience in Theme integration/customization.Experience in API creation/integrationDemonstrable knowledge of XML, XHTML, CSS, Modules i.e. API integration, Payment Gateways, XML with a focus on standards.

BENEFITS & PERKS

Opportunity to work with high energy, result oriented globally experienced teamWe like to hire hard-working people who want to work in a company for the long termOffice Location: Canal View Society, Pakistan.

Job Type: Full-time

Salary: Rs50,000.00 to Rs80,000.00 /month

Experience:

Magento: 3 years (Preferred)",,https://www.glassdoor.com/partner/jobListing.htm?pos=217&ao=389273&s=58&guid=0000016f90e846a38972d5ac3ea9759d&src=GD_JOB_AD&t=SR&extid=1&exst=OL&ist=&ast=OL&vt=w&slr=true&cs=1_e0892165&cb=1578684139511&jobListingId=3441558704,3441558704,glassdoor,Frontend
new,Software Engineer - Python / PHP,OneClout,Lahore,2019-12-25,"OneClout is a software consultancy looking for a Python / PHP Full Stack developer to join our expanding team. We supply industry-leading mapping solutions for local authorities, freight operators and entertainment venues in US, Europe and Australia.

Your key responsibilities will be: Helping to design and develop APIs, Backend and Frontend to support our data and development services and working closely with the lead developer to develop new features.

Apply Now at Mustakbil.com

This job was originally posted on Mustakbil.com",,https://www.glassdoor.com/partner/jobListing.htm?pos=218&ao=437149&s=58&guid=0000016f90e846a38972d5ac3ea9759d&src=GD_JOB_AD&t=SR&extid=1&exst=OL&ist=&ast=OL&vt=w&slr=true&cs=1_5a9bbfd7&cb=1578684139512&jobListingId=3447262837,3447262837,glassdoor,Frontend
new,Laravel / Angular Developer,ServeTone,Lahore,2019-12-15,"We are looking for a Back-End Web Developer responsible for managing the interchange of data between the Laravel and Angular application via RestFul web services. Your primary focus will be development and completion of modules in terms of api and integration to frontend, definition and maintenance of the central database, and ensuring high performance and responsiveness to requests from the front-end. You will also be responsible for integrating the front-end elements built by your coworkers into the application. A basic understanding of front-end technologies is therefore necessary as well.

Responsibilities

Integration of user-facing elements developed by a front-end developers with server side logic

Building reusable code and libraries for future use

Optimization of the application for maximum speed and scalability

Implementation of security and data protection

Design and implementation of data storage solutions

Apply Now at Mustakbil.com

This job was originally posted on Mustakbil.com",,https://www.glassdoor.com/partner/jobListing.htm?pos=219&ao=437149&s=58&guid=0000016f90e846a38972d5ac3ea9759d&src=GD_JOB_AD&t=SR&extid=1&exst=OL&ist=&ast=OL&vt=w&slr=true&cs=1_3e7675c0&cb=1578684139513&jobListingId=3391651421,3391651421,glassdoor,Frontend
new,Front-End Internship (Female Only),YPIK Group,Lahore,2019-12-21,"Responsibilities

Developing and redesigning applications frontend in Bootstrap with material designDevelop responsive UIs for Desktop, Tablet, and Phone.Ensuring high performance UI on mobile and desktop.Coordinating with the back-end developers in the process of building the RESTful API.Writing code to communicate with external Web Services (Web API).Coding tested, idiomatic, and documented JavaScript, HTML, and CSS.Writing and debugging code that will work across different browser.

Only Females required.

Qualifications

BSCS, BSIT, BCS, Front-end short course.

Job Benefits

Leading to job, can pick any short course free of cost.

Contact

+92 321-7992251

Job Type: Full-time

Salary: Rs7,000.00 to Rs15,000.00 /month",,https://www.glassdoor.com/partner/jobListing.htm?pos=220&ao=389273&s=58&guid=0000016f90e846a38972d5ac3ea9759d&src=GD_JOB_AD&t=SR&extid=1&exst=OL&ist=&ast=OL&vt=w&slr=true&cs=1_36048eea&cb=1578684139513&jobListingId=3445430211,3445430211,glassdoor,Frontend
new,UI/UX Developer,Focal HR,Lahore,2019-12-14,"Job Description:

Illustrating design ideas using storyboards, process flows and sitemaps

Developing fully responsive/adaptive/fluid cross-browser and cross-platform compatible solutions. Deep knowledge of HTML5/CSS3

Experience developing with prototype frameworks (Bootstrap, Material Design)

Familiarity developing with CSS pre-processors (LESS, SASS, etc.)

Experience using JS Frameworks (jQuery, Angular, etc.)

Integration with content systems (CMS, APIs)

Experienced coding for touch screen devices

Expertise in designing, developing and optimizing rich web based responsive user interfaces

Experienced in optimizing assets for web and image loading techniques

Key Skills Required:

HTML5, CSS3, Bootstrap 4, Material Design, JQuery, Angular, Adobe CS Suite, Sublime, Dreamweaver

Job Type: Full-time

Experience:

FrontEnd Development: 7 years (Required)Angular Js: 3 years (Preferred)",,https://www.glassdoor.com/partner/jobListing.htm?pos=221&ao=389273&s=58&guid=0000016f90e846a38972d5ac3ea9759d&src=GD_JOB_AD&t=SR&extid=1&exst=OL&ist=&ast=OL&vt=w&slr=true&cs=1_16c9a81a&cb=1578684139514&jobListingId=3438823272,3438823272,glassdoor,Frontend
new,Software Architect,PakWheels,Lahore,2020-01-07,"We are changing the automotive industry in Pakistan, we are changing how millions of Pakistanis buy and sell cars and bikes, how they make their decision, how they do their research, etc. Join us and be part of this revolution!

What are we looking in YOU?

8 - 10 Years of experience is required.

Exceptional ability to work anywhere in the technical stack, delivering quality code both on the frontend and backend.

Exceptional proficiency using HTML/CSS/JavaScript, Ruby on Rails or Python/Django. Experience with Ruby on Rail is a great plus.

Fluency in any backend server language, and expertise in relational databases and schema design.

Strong motivation to drive impact by making product improvements.

Strong analytical thinking, experienced with making product decisions based on data.

Handle the entire software development life cycle, end to end.

Proactiveness, good communication and fast learning.

Interest in working in a very cross-functional team that touches many of the core systems and user flows at PakWheels.

Hit the ground running - Gather an up-to-date and in-depth understanding of the PakWheels codebase and technologies stack within weeks.

Research and apply industry trends as part of your daily work.

Write and maintain exemplary code.

Actively contribute in post-release maintenance issues.

Develop elegant solutions for complex problems.

Pioneer reliability and efficiency of our current code base, platforms and/or core systems.

Impact on the direction and scope of PakWheels technical vision within your stream.

Define the architecture of your product steam.

Gain a detailed understanding of the complete architecture of our product and the position of your product stream in it.

Work in a mentoring capacity within a peer-programming environment and provide guidance on tasks, irrespective of complexity or scale.

Code review all major features / enhancements, defining programming standards and providing constructive feedback.

Provide and share a broad knowledge of technologies and architectures and function as a mentor.

Capacity to push back requirements when incomplete.

What will YOU need to be successful in this role?

3 - 5 years of professional back-end software engineering experience.

Experience working on high-traffic and large-scale web products.

Experience with web infrastructure, distributed systems, performance analysis, search infrastructure.

Driven to gain insight into different new and old technologies.

Been on at least one death march and know exactly why some things are to be avoided.

PakWheels.com was formed in 2003 and has become the largest community based automobile website in Pakistan with more than 350,000+ registered car and motorcycle enthusiasts. Around 30 Million pages are viewed on the site every month, with people searching classifieds, researching about brand new cars and motorcycles, discussing auto-related issues with other members, sharing information, pictures, videos, etc.",,https://www.glassdoor.com/partner/jobListing.htm?pos=222&ao=35800&s=58&guid=0000016f90e846a38972d5ac3ea9759d&src=GD_JOB_AD&t=SR&extid=1&exst=OL&ist=&ast=OL&vt=w&slr=true&cs=1_9f4d9eaa&cb=1578684139515&jobListingId=3022117081,3022117081,glassdoor,Frontend
new,Senior Web Developer,Multilines Corporation,Lahore,2019-12-18,"MULTILINES CORPORATION is looking for a Senior Web Developer who can Develop Websites and handle our dedicated server.

The candidate should have an extensive knowledge of Frontend as well as Backend coding.

Can handle child themes and create custom WordPress themes and plugins from scratch and customize premium WordPress themes according to client requirements.

Should be able to handle WHM server and troubleshoot other server related issues.

Measure the performance of digital marketing efforts using a variety of Web analytics tools.

Must be result orientated.

4-5 Years of Experience in Web Development

Apply Now at Mustakbil.com

This job was originally posted on Mustakbil.com",,https://www.glassdoor.com/partner/jobListing.htm?pos=224&ao=437149&s=58&guid=0000016f90e846a38972d5ac3ea9759d&src=GD_JOB_AD&t=SR&extid=1&exst=OL&ist=&ast=OL&vt=w&slr=true&cs=1_1bed5cf6&cb=1578684139516&jobListingId=3442458181,3442458181,glassdoor,Frontend
new,Frontend & Backend Developer,OpenSol Global,Lahore,2020-01-02,"Shift Timings : Morning

Requires Traveling : No

Career Level : Fresh or Experienced

Required Experience : Upto 6 Months

Total Vacancies : 02

Required Qualification : BCS or MCS

Location(s) : Lahore, Pakistan

OpenSol requires a talented PHP Developer.

You must have very strong programming skills, specially in open source technologies (PHP Core and Frameworks CI, YII, Laravel, CakePHP, Zend) , JS libraries.

Must be graduate or master in computer sciences from reputable university.

Personal Characteristics:

Ability to work quickly but with a strong attention to detail and accuracy

Team player and good interpersonal skills

Ability to perform under stress and aggressive deadlines

Self-organized with the ability to plan ahead

Punctual and organized

Tools and Technologies :

PHP Core and Frameworks CI, YII, Laravel, CakePHP, Zend, Symphony

MySQL

WordPress

Magento

Drupal

JavaScript, Angular.js, JQuery, Node.js",Easy Apply,https://www.glassdoor.com/partner/jobListing.htm?pos=111&ao=437149&s=58&guid=0000016f90e846e3a471db14d11d6ba5&src=GD_JOB_AD&t=SR&extid=1&exst=OL&ist=&ast=OL&vt=w&slr=true&ea=1&cs=1_06788e40&cb=1578684139443&jobListingId=3240582662,3240582662,glassdoor,Frontend
new,Performance Test Engineer,Starzplay Arabia,Lahore,2020-01-02,"Are you looking for a challenge that is going to provide you experience on agile/scrum environments?
Are you eager to work with frontend and backend cutting edge technologies?
Do you want to learn about the latest technologies involved in the OTT video streaming ecosystem?
Do you want to work in international environment? STARZ PLAY offer you all of these challenges and much more!

STARZ PLAY is a subscription video on demand service and available in 19 countries in the MENA region. Our service streams thousands of blockbuster Hollywood movies, TV shows, documentaries, kids entertainment and dedicated Arabic content to subscribers in the region.

Job purpose:

Your primary role will be to develop, design, implement and maintain performance (Stress and Volume, S&V) testing scripts and scenarios for a range of applications servicing a large volume of end users. You will be responsible for performance monitoring and improvements across a multi-tiered application system. You will be required to investigate performance issues, report on performance testing results and contribute to the overall performance improvement of our systems. This is a challenging role requiring multiple skills in the area of performance testing, performance analytics and reporting.

Technical Requirements:

 Have basic knowledge of the architecture of a web applications (client-server, REST API basics, caching systems, basic database knowledge...)
Have basic knowledge of network engineering and database implementations
At least 2 years experience using performance test tools (for example; Jmeter, Gatling, LoadRunner and etc).
At least 2 years experience using diagnostic tools (for example; AppDynamics, DynaTrace, NMON and etc)
Strong understanding and practical experience in performance testing and improvement techniques.
At least 2 years experience in providing performance improvements on large scale multi-tiered solutions.
Working experience in JAVA scripting and/or C# and/or HTML and/or PHP and/or SOUPUI and/or XML.
Experience writing SQL queries and using database management tools, such as MySQL, Oracle, Mango and etc.
Understanding and working knowledge of test cycles and methodologies.
Clear understanding and have worked with Agile/SCRUM/KANBAN methodologies and frameworks

For all the candidates:

You are eager to learn/understand video related technologies (over the top streaming protocols, CDN infrastructure, online video platforms, etc)
You are familiar with TDD approach
You feel comfortable working in an international environment
You are a team player and open to change with an amazing work ethic and fun and friendly attitude.
Understanding the version control systems like GIT, SVN
You have an analytical mindset, problem solving skills and basic algorithm understanding
You are a self-driven person who doesnt need someone else to continuously command what to do, you are able to see what comes next based on existing roadmaps and agile methodologies tools.
Basic debugging skills are a plus.

If your skill set matches our job requirements then it is an excellent opportunity for you.

Dont forget to take a look at http://arabia.starzplay.com/and check our Android and iOS apps in the Google Play and in the Apple App-store",Easy Apply,https://www.glassdoor.com/partner/jobListing.htm?pos=126&ao=66506&s=58&guid=0000016f90e846e3a471db14d11d6ba5&src=GD_JOB_AD&t=SR&extid=1&exst=OL&ist=&ast=OL&vt=w&slr=true&ea=1&cs=1_f1a26d8d&cb=1578684139461&jobListingId=3430919733,3430919733,glassdoor,Frontend
new,Front End Developer,RLTSquare,Lahore,2019-12-14,"*JOB OPPORTUNITY - RLTSquare*



RLTSquare is a rapidly growing E-commerce agency and one of the only two Adobe Magento Partners in Pakistan.


We deliver perfectly tailored ecommerce solutions to our customers and help them in reimagining their brand identity. We are proud certified experts who offer seamless end-to-end ecommerce solutions*To join our team, we're looking for a driven individual to fill the role of Sr. Frontend Developer.*JOB DESCRIPTION*

We are looking for an experienced UI / UX developer to be part of in-house development team.

Experience Required : 3 years

Job Location: Lahore, Gulberg

Full time Job



Responsibilities*
Develop and enhance UI based on latest trends and techniques
Build reusable code and libraries for future use
Proficient understanding of web markup, including HTML5, CSS3 and Bootstrap
Proficient understanding server-side CSS pre-processing platforms, such as LESS and SASS
Proficient understanding of client-side scripting and JavaScript frameworks jQuery,
Basic understanding of RequireJs, knockoutJS

Benefits:


Work from home opportunitiesFlexible working hoursBonus schemePrivate medical/dental insuranceCasual dressSubsidised gym membershipEducation reimbursementCompany events & social hours

Reference ID: RLTSquare - Frontend

Job Types: Full-time, Contract

Salary: Rs70,000.00 to Rs100,000.00 /month

Experience:

front end development: 1 year (Required)",Hot,https://www.glassdoor.com/partner/jobListing.htm?pos=117&ao=389273&s=58&guid=0000016f90e846e3a471db14d11d6ba5&src=GD_JOB_AD&t=SR&extid=1&exst=OL&ist=&ast=OL&vt=w&slr=true&cs=1_dc5be7e4&cb=1578684139454&jobListingId=3439691758,3439691758,glassdoor,Frontend
new,Software Engineer,Zech Technologies,Lahore,2019-12-29,"Hello,

We are looking for a Software engineer witht he following qualification:



Looking for an experienced software engineer to take care of our medium size finiacial application built using .Net, PHP, and AngularJS.
Position requires at least 48 hours of work per week.
Develop high quality, robust frontend software. Identify, test, and integrate novel features into the existing system.
Building a beautiful, delightful developer experience
Troubleshoot and resolve bugs and issues
Collaborate with our engineering and product teams to define, architect and build new customer-facing features
Assure that all user input is validated before submitting to back-end

Requirements

Bachelors degree in Computer Science, Computer engineering with 5+ years experience with a wide variety of languages and tools
Logical and Structured Thinking, Strong analytical and debugging skills
Strong understanding and Experience in building core functionality from scratch with HTML, CSS, Javascript
Translate mockups into front-end code
Troubleshoot front-end coding and browser compatibility issues
Good understanding of JavaScript libraries and frameworks, jQuery
Experience developing UIs using modern frameworks for modern browsers, such as React.js and Vue.js.
Good understanding of asynchronous request handling and partial page updates and AJAX
Good understanding of cross-browser compatibility issues and ways to work around them
Strong oral and written communication
Attention to detail and a passion for quality.


Nice to have



Experience working at a start-up or with a small, intimate team.
Self-motivation and an enjoyment for a startup environment
Open to understanding new technologies
Have a flair for front end effects & animations
Understanding of code versioning tools, such as github


About You



You think from the customer's point of view first
You excel in a fast-paced and fast-changing environment. You like to release and iterate quickly
You can handle some uncertainty and ambiguity and still take the next step
Humble, open-minded, and receptive to feedback
Enjoy teaching others what you have learned
A great team player. Someone that others are excited to work on a project with
A thinker: you are logical, can evaluate a problem quickly and abstract it
A quality doer: you execute fast, without compromising quality which is key to you
A learner: you are able to rapidly ramp up on new technologies and be at ease with a codebase


Apply Now at Mustakbil.com

This job was originally posted on Mustakbil.com",Hot,https://www.glassdoor.com/partner/jobListing.htm?pos=119&ao=437149&s=58&guid=0000016f90e846e3a471db14d11d6ba5&src=GD_JOB_AD&t=SR&extid=1&exst=OL&ist=&ast=OL&vt=w&slr=true&cs=1_8efa4589&cb=1578684139456&jobListingId=3199990679,3199990679,glassdoor,Frontend
new,UI/Front End Developer,Applicon Soft,Lahore,2019-12-29,"Participate in the project process from start to finish

brainstorming sessions with the creative and technical teams

Work with senior design managers to create responsive HTML/CSS

Collaborate on scenarios, end-to-end experiences

Collaborate with engineering, frontend, and backend developers as needed on projects.

Drive that UI Design should be as simple and intuitive as possible

Design for various platforms such as tablet, mobile, desktop

Do extensive research and continually stay up-to-date with the latest UI trends, techniques, and technologies

Apply Now at Mustakbil.com

This job was originally posted on Mustakbil.com",Hot,https://www.glassdoor.com/partner/jobListing.htm?pos=214&ao=437149&s=58&guid=0000016f90e846a38972d5ac3ea9759d&src=GD_JOB_AD&t=SR&extid=1&exst=OL&ist=&ast=OL&vt=w&slr=true&cs=1_897146c9&cb=1578684139510&jobListingId=3199993700,3199993700,glassdoor,Frontend
new,NOC Systems Engineer,Starzplay Arabia,Lahore,2020-01-02,"Who we are

Are you looking for a challenge that is going to provide you experience in agile/scrum environments? Are you eager to work with frontend and backend cutting edge technologies? Do you want to learn about the latest technologies involved in the OTT video streaming ecosystem? Do you want to work in an international environment? STARZ PLAY offers you all of these challenges and more!

STARZ PLAY is a subscription video on demand service headquartered in Dubai and available in 19 countries in the MENA region. Our service streams thousands of blockbuster Hollywood movies, TV shows, documentaries, kids entertainment and dedicated Arabic content to subscribers in the region. This is what makes us the fastest-growing SVOD service in the region.

Due to huge success with expansion into new markets, we have opened R&D Center in Lahore, Pakistan. Come join us and help to build great new technology in Lahore!

Job purpose

As a NOC Engineer you are responsible for business continuity and to take necessary actions should there be an issue. Serves as a technical expert in the area of system administration for complex operating systems. You will need to use monitoring tools and support systems to ensure that our development process runs efficiently.

Daily work includes supporting our infrastructure in AWS, developing shell scripts, and working closely with other teams on new technical integrations.

Responsible for implementation, and the highest level of performance tuning and recovery procedures for mission critical enterprise systems.

NOC Engineer Requirements


Provide Tier 2 support
Research, evaluate, and develop new tools to improve systems efficiency
Maintain, manage and deploy highly-available, auto-scaling, monitored systems and services
Use Bash, Java, Python, SQL and other tools to automate manual tasks
Monitor system and database performance.
Monitor network availability and performance
Handle production support issues as they arise. Participate in a 24/7 on-call rotation
Communicate with various teams, keeping everyone up-to-date on deployments, outages, issues, and solutions
Manage the day-to-day operations of the PC host computers by monitoring system performance, configuration, maintenance, and repair.
Ensures that records of system downtime and equipment inventory are properly maintained.
Work with vendors and partners to assist support activities.
Determine appropriate coverage for all hours of operation.
Perform troubleshooting as required. As such, leads problem-solving efforts often involving outside vendors and other support personnel and/or organizations.
Ensure high availability and acceptable levels of performance of mission-critical host computer resources.
Manage data center and computer host systems including hardware, software, and equipment such as air-conditioning system, UPS (uninterrupted power system) and fire protection system.
May perform all or some of the responsibilities above and all positions perform other related duties as assigned.
Monitor & maintain the service related SLAs with vendors/customers & to answer day to day Level 1 & 2 related queries from customers and internal departments
Keep management informed of whereabouts, assessment of call priorities and planned activities
Working on Amazon AWS VPC Peering
Working Knowledge of Monitoring tools such as (Nagios, New Relic)
In-Depth Knowledge of Web-Site debugging
In-Depth Knowledge of Logging systems such as ( Splunk, Elasticsearch)
In-Depth Knowledge of VPN
In-Depth knowledge of VOIP
Basic Knowledge of Databases ( MySQL, Redis, Cassandra )

For all the candidates


Experience with Python, Bash, or an equivalent scripting language
Expert with UNIX/Linux systems
Familiar with security concerns (server hardening, two-factor authentication, SSL, VPN)
Knowledgeable in distributed systems and redundancy, high-availability and performance optimizations
Ability to work with query (SQL) relational databases
Possesses ability to work in an agile environment
Strong written and verbal communication skills
Good interpersonal/customer-relations skills
Is available for out-of-hours working (shift, stand-by, call out, overtime), to an extent which meets Branch Office and service operations requirements
Experience in supporting 24x7 systems is mandatory
Knowledge of LAN/WAN Network environments
Familiar with packet sniffing/decoding and replay tools (i.e. Sniffer, Ethereal, Packetizer, TCPdump, TCPreplay) including headers ingestion
Experience of Web/WAP Portal management on DNS server including Geo-Blocking features
Bachelors degree in Computer Science, Information Systems, Engineering, or other related scientific or technical discipline.

Dont forget to take a look at http://arabia.starzplay.com/ and check our Android and iOS apps in the Google Play and in the Apple Appstore.","Hot
Easy Apply",https://www.glassdoor.com/partner/jobListing.htm?pos=202&ao=66506&s=58&guid=0000016f90e846a38972d5ac3ea9759d&src=GD_JOB_AD&t=SR&extid=1&exst=OL&ist=&ast=OL&vt=w&slr=true&ea=1&cs=1_0790a037&cb=1578684139501&jobListingId=3430919740,3430919740,glassdoor,Frontend
new,Java Developer,Starzplay Arabia,Lahore,2020-01-02,"Who we are:

Are you looking for a challenge that is going to provide you experience in agile/scrum environments? Are you eager to work with frontend and backend cutting edge technologies? Do you want to learn about the latest technologies involved in the OTT video streaming ecosystem? Do you want to work in an international environment? STARZ PLAY offers you all of these challenges and more!

STARZ PLAY is a subscription video on demand service headquartered in Dubai and available in 19 countries in the MENA region. Our service streams thousands of blockbuster Hollywood movies, TV shows, documentaries, kids entertainment and dedicated Arabic content to subscribers in the region. This is what makes us the fastest-growing SVOD service in the region.

Due to huge success with expansion into new markets, we have opened an R&D Center in Lahore, Pakistan. Come join us and help to build great new technology in Lahore!

 Job Purpose:

The Java Developer will work with current backend team to implement an innovative and state-of-the-art online platform. Talent and personality are important to us, we are looking for someone who is passionate about software building, excited about coming in and who can think systematically, implement quickly, and innovate eagerly.

Job Responsibilities:

Implement and launch scalable services.
Write technical documentation.
Work in pairs with other team members to write, review and test code.
Understand technical requirements provided by solution architect and implement them.
Collaborates well with other engineers and other engineering groups, voluntarily shares information.
Offers proposed design changes/suggestions to processes and products.

Required Qualifications and Skills:

BSc. degree in Computer Science, Software Engineering or related fields.
Minimum 2 to 3 years of experience in Java programming language.
Experience in Spring framework is a plus.
Experience in working with databases and SQL.
Very good communication skills and ability to multi-task.
Solid knowledge of writing software to scale for web for performance, reliability and scalability.
Works effectively with cross-functional and/or global teams, readily shares information with others.
Ability to learn and evaluate new technology.

Dont forget to take a look at http://arabia.starzplay.com/ and check our Android and iOS apps in the Google Play and in the Apple App store.","Hot
Easy Apply",https://www.glassdoor.com/partner/jobListing.htm?pos=223&ao=66506&s=58&guid=0000016f90e846a38972d5ac3ea9759d&src=GD_JOB_AD&t=SR&extid=1&exst=OL&ist=&ast=OL&vt=w&slr=true&ea=1&cs=1_40324592&cb=1578684139516&jobListingId=3430919732,3430919732,glassdoor,Frontend
new,"Senior Software Engineer, Full-stack",KeepTruckin,Lahore,2020-01-02,"Who we are:KeepTruckin is on a mission to modernize the trucking industry. With the leading fleet management platform, we are bringing trucks online and fundamentally changing the way freight is moved on our roads.

At KeepTruckin, we see our hard work rewarded in tangible ways every day and we believe that intelligence is most powerful when paired with humility. We're motivated by the opportunity to impact and improve every facet of a trillion-dollar industry that touches everyone's lives. KeepTruckin is proud to be a Forbes Cloud 100 company and recognized by Glassdoor as a ""Best Place to Work"" in 2019.

We are looking for people from all backgrounds who want to make an impact on the millions of drivers who keep our world moving. Together, we laugh hard, snack harder and work together to drive innovation at the intersection of tech and transportation.
About the Job:Our Research and Development team, where this role is available, has 90+ man years of RnD experience in Computer Vision, Machine Learning, Robotics, and Data Science with publications in top-tier conferences and journals of their respective fields as well as cutting edge products. The prospective candidate will essentially be a part of this RnD team and will have the opportunity to work with top minds in the industry. The primary job responsibility is productizing cutting-edge research. There will also be opportunity to learn the full-stack for Machine Learning based IOT applications.

As a Senior Software Engineer you have an amazing opportunity to play key role in productizing cutting edge research, developing internal tools, and analytical features. If you have extensive experience with multiple technology frameworks in platform, backend and frontend, looking to make dynamic impact at a fast growing startup while working at the bleeding edge of technology, we want to hear from you.

Responsibilities


Extensive hands-on experience in at least top three back-end languages and frameworks e.g. Ruby on Rail, Java, Django, Flask, etc.
Expert level experience in at least three front-ent languages and frameworks e.g. AngularJS, Node.js, JavaScript, HTML, etc.
Hands-on experience with Elastic Beanstalk/Cloud Foundry, AWS/Azure/Google etc.
Extensive experience in DevOps familiarity with best practices used for continuous integration and deployment
Ready to work on existing code base and do not shy away from picking up a new language if needed
Work closely with Research Engineers, Research / Data Scientists to help productize cutting edge research
Review code for best practices, readability, and documentation
Experience with Agile/Scrum process and best practices




Qualifications


5+ years of software development experience
An affinity for creating software that is extensible, performant, and easy to read
A degree in computer science, software engineering, or a related field




As an equal opportunity employer, we are committed to diversity in the workforce. In accordance with applicable law, we prohibit discrimination against any applicant or employee based on any legally recognized basis, including, but not limited to; race, color, religion, sex (including pregnancy, lactation, childbirth or related medical conditions), sexual orientation, gender identity, age (40 and over), national origin or ancestry, physical or mental disability, genetic information (including testing and characteristics), veteran status, uniformed service member status or any other status protected by federal, state or local law.","Top Company
Easy Apply",https://www.glassdoor.com/partner/jobListing.htm?pos=125&ao=355036&s=58&guid=0000016f90e846e3a471db14d11d6ba5&src=GD_JOB_AD&t=SR&extid=1&exst=OL&ist=&ast=OL&vt=w&slr=true&ea=1&cs=1_bd283f33&cb=1578684139460&jobListingId=3270323491,3270323491,glassdoor,Frontend
